{
  "sqrt_jump_T1000": {
    "single_timescale": 5847.840858852381,
    "dual_timescale": 805.1408308271245,
    "ema": 7984.240412217579,
    "periodic_avg": 6331.050028205426,
    "K_T": 31
  },
  "sqrt_jump_T5000": {
    "single_timescale": 28039.442963836238,
    "dual_timescale": 1882.2450134147832,
    "ema": 31617.096807334918,
    "periodic_avg": 29358.09263190842,
    "K_T": 70
  },
  "sqrt_jump_T10000": {
    "single_timescale": 413210.65794568794,
    "dual_timescale": 2620.8897369627916,
    "ema": 296809.4333666233,
    "periodic_avg": 450146.68585623737,
    "K_T": 100
  },
  "sqrt_jump_T20000": {
    "single_timescale": 1912810.3048771878,
    "dual_timescale": 3692.7793516540214,
    "ema": 1444032.9114655843,
    "periodic_avg": 2010654.2848732811,
    "K_T": 141
  },
  "separated_drift_T1000": {
    "single_timescale": 12812.742961071759,
    "dual_timescale": 3433.8470087858523,
    "ema": 15043.099132970161,
    "periodic_avg": 13611.425546267283
  },
  "separated_drift_T5000": {
    "single_timescale": 187958.51485157688,
    "dual_timescale": 134369.9994577079,
    "ema": 165942.63355134966,
    "periodic_avg": 146855.3817917694
  },
  "separated_drift_T10000": {
    "single_timescale": 1719093.0484185016,
    "dual_timescale": 1360973.7895086228,
    "ema": 1495427.492346928,
    "periodic_avg": 1459122.4488941794
  },
  "sweep_rhos0.0_ji10": {
    "single": 1385439.1363609084,
    "dual": 12852.137364842893,
    "ratio": 107.79834490026433,
    "rho_s": 0.0,
    "jump_interval": 10,
    "separation": 0.0
  },
  "sweep_rhos0.0_ji20": {
    "single": 192659.73854303872,
    "dual": 6198.070886863062,
    "ratio": 31.083823024900376,
    "rho_s": 0.0,
    "jump_interval": 20,
    "separation": 0.0
  },
  "sweep_rhos0.0_ji50": {
    "single": 685322.0607329276,
    "dual": 2480.8346050667546,
    "ratio": 276.2465741703433,
    "rho_s": 0.0,
    "jump_interval": 50,
    "separation": 0.0
  },
  "sweep_rhos0.0_ji100": {
    "single": 150585.6948427933,
    "dual": 1281.1185764088018,
    "ratio": 117.54235526340676,
    "rho_s": 0.0,
    "jump_interval": 100,
    "separation": 0.0
  },
  "sweep_rhos0.0001_ji10": {
    "single": 1404573.5410421507,
    "dual": 18017.338222203838,
    "ratio": 77.95677273301176,
    "rho_s": 0.0001,
    "jump_interval": 10,
    "separation": 0.001
  },
  "sweep_rhos0.0001_ji20": {
    "single": 165766.2011984565,
    "dual": 7845.941953457026,
    "ratio": 21.127635430111447,
    "rho_s": 0.0001,
    "jump_interval": 20,
    "separation": 0.002
  },
  "sweep_rhos0.0001_ji50": {
    "single": 671304.8651573814,
    "dual": 6848.91812755907,
    "ratio": 98.0161906821672,
    "rho_s": 0.0001,
    "jump_interval": 50,
    "separation": 0.005
  },
  "sweep_rhos0.0001_ji100": {
    "single": 141216.96602493923,
    "dual": 2395.306798186849,
    "ratio": 58.95569040752308,
    "rho_s": 0.0001,
    "jump_interval": 100,
    "separation": 0.01
  },
  "sweep_rhos0.001_ji10": {
    "single": 1309243.225083635,
    "dual": 471566.08098743943,
    "ratio": 2.77637276697708,
    "rho_s": 0.001,
    "jump_interval": 10,
    "separation": 0.01
  },
  "sweep_rhos0.001_ji20": {
    "single": 187958.51485157688,
    "dual": 134369.9994577079,
    "ratio": 1.3988130952604168,
    "rho_s": 0.001,
    "jump_interval": 20,
    "separation": 0.02
  },
  "sweep_rhos0.001_ji50": {
    "single": 692385.8814523407,
    "dual": 382083.57857970515,
    "ratio": 1.8121320053222452,
    "rho_s": 0.001,
    "jump_interval": 50,
    "separation": 0.05
  },
  "sweep_rhos0.001_ji100": {
    "single": 149210.29315157954,
    "dual": 96630.80827486824,
    "ratio": 1.5441275491264435,
    "rho_s": 0.001,
    "jump_interval": 100,
    "separation": 0.1
  },
  "sweep_rhos0.005_ji10": {
    "single": 1359227.3916196793,
    "dual": 1964376.7434137152,
    "ratio": 0.6919382425886387,
    "rho_s": 0.005,
    "jump_interval": 10,
    "separation": 0.05
  },
  "sweep_rhos0.005_ji20": {
    "single": 282314.2511205562,
    "dual": 497456.46965621423,
    "ratio": 0.5675154879695503,
    "rho_s": 0.005,
    "jump_interval": 20,
    "separation": 0.1
  },
  "sweep_rhos0.005_ji50": {
    "single": 894441.606015336,
    "dual": 1317153.6663366496,
    "ratio": 0.6790715683941518,
    "rho_s": 0.005,
    "jump_interval": 50,
    "separation": 0.25
  },
  "sweep_rhos0.005_ji100": {
    "single": 177150.26912100698,
    "dual": 324718.1578089758,
    "ratio": 0.5455508565222288,
    "rho_s": 0.005,
    "jump_interval": 100,
    "separation": 0.5
  },
  "sweep_rhos0.01_ji10": {
    "single": 1458815.2582362534,
    "dual": 2043155.296082719,
    "ratio": 0.7140011633149945,
    "rho_s": 0.01,
    "jump_interval": 10,
    "separation": 0.1
  },
  "sweep_rhos0.01_ji20": {
    "single": 379700.02797946177,
    "dual": 507396.6071319456,
    "ratio": 0.7483298521164982,
    "rho_s": 0.01,
    "jump_interval": 20,
    "separation": 0.2
  },
  "sweep_rhos0.01_ji50": {
    "single": 951589.094770326,
    "dual": 1363095.36261236,
    "ratio": 0.6981089664530985,
    "rho_s": 0.01,
    "jump_interval": 50,
    "separation": 0.5
  },
  "sweep_rhos0.01_ji100": {
    "single": 243466.3398605554,
    "dual": 322415.13498939713,
    "ratio": 0.7551330984153767,
    "rho_s": 0.01,
    "jump_interval": 100,
    "separation": 1.0
  },
  "sweep_rhos0.05_ji10": {
    "single": 1546426.5565152054,
    "dual": 2134541.581935978,
    "ratio": 0.7244771287672146,
    "rho_s": 0.05,
    "jump_interval": 10,
    "separation": 0.5
  },
  "sweep_rhos0.05_ji20": {
    "single": 411001.31470498856,
    "dual": 551873.1896015063,
    "ratio": 0.744738687164278,
    "rho_s": 0.05,
    "jump_interval": 20,
    "separation": 1.0
  },
  "sweep_rhos0.05_ji50": {
    "single": 1018724.3641909292,
    "dual": 1359566.969463141,
    "ratio": 0.749300613410164,
    "rho_s": 0.05,
    "jump_interval": 50,
    "separation": 2.5
  },
  "sweep_rhos0.05_ji100": {
    "single": 257606.1837695728,
    "dual": 358382.57789772545,
    "ratio": 0.7188021953541724,
    "rho_s": 0.05,
    "jump_interval": 100,
    "separation": 5.0
  }
}