{
  "rho_s_range": [
    0.0,
    0.001,
    0.005,
    0.01,
    0.02,
    0.05,
    0.1
  ],
  "rho_f_range": [
    0.01,
    0.02,
    0.05,
    0.1,
    0.2,
    0.5,
    1.0
  ],
  "rho_s_values": [
    0.0,
    0.001,
    0.005,
    0.01,
    0.02,
    0.05,
    0.1
  ],
  "rho_f_values": [
    0.01,
    0.02,
    0.05,
    0.1,
    0.2,
    0.5,
    1.0
  ],
  "single_regret": [
    [
      8336.448031579152,
      15768.498193145753,
      13344.329041646155,
      175273.1903746913,
      350885.40214586473,
      1058478.7006331957,
      1069265.9728357133
    ],
    [
      3272.9267502728885,
      33488.32262103281,
      10381.561320889086,
      183361.49535182214,
      343491.1117545555,
      1080218.2351804757,
      1074324.3051575862
    ],
    [
      16778.548309326685,
      66928.44469951728,
      29539.2043302897,
      177315.70832412507,
      372410.97157630126,
      1090507.3907560185,
      1083735.0552946625
    ],
    [
      18740.44068148574,
      85347.7189588245,
      42548.85555518677,
      196700.60998467714,
      386555.62932111917,
      1054077.9900674978,
      1049602.2752262899
    ],
    [
      18607.76325608007,
      90321.42211739752,
      43057.904332342594,
      219656.59771896785,
      424454.5164148726,
      1105314.3507919242,
      1101536.1807661997
    ],
    [
      19506.658740359006,
      93833.26768441696,
      42347.01978087298,
      237172.40541381057,
      417934.5025737416,
      1128088.3890557336,
      1136909.8033683791
    ],
    [
      19991.275644912446,
      94032.97076674236,
      43087.87047396439,
      240705.27875503723,
      432471.17752802203,
      1130408.742071874,
      1128554.79128874
    ]
  ],
  "dual_regret": [
    [
      11983.37331531602,
      14171.427527749662,
      28647.26394847746,
      2634813.8331375676,
      421175.3103119863,
      1098163.349639601,
      1098163.349639601
    ],
    [
      12511.106162045106,
      18789.210261245364,
      33763.46120823209,
      1649026.9458262357,
      423323.4988673426,
      1113607.8255039204,
      1113607.8255039204
    ],
    [
      25631.773600442775,
      103004.61622470611,
      70680.28838949534,
      3538092.6901966184,
      422069.042936771,
      1119683.6231316489,
      1119683.6231316489
    ],
    [
      24688.520908749942,
      119981.51906187832,
      71544.86211581195,
      4117384.7554086274,
      418876.80648996634,
      1076487.1281313328,
      1076487.1281313328
    ],
    [
      24629.06485459476,
      119820.56415122363,
      69706.22854988638,
      3225370.384748909,
      438364.90976440825,
      1120623.2865694417,
      1120623.2865694417
    ],
    [
      26091.194377313255,
      124746.08377092013,
      74062.98800163426,
      4238005.266714507,
      413709.57221168396,
      1125014.1417529923,
      1125014.1417529923
    ],
    [
      27095.3005155641,
      130154.53272507286,
      75991.3038529495,
      5024165.668057912,
      426099.09655810666,
      1111110.9382364599,
      1111110.9382364599
    ]
  ],
  "ratio": [
    [
      0.6956678901861706,
      1.1126965270272737,
      0.46581513214128,
      0.06652203968656635,
      0.833110093480897,
      0.9638627085675102,
      0.9736857209691332
    ],
    [
      0.2616017087443438,
      1.7823166676731401,
      0.3074791786559457,
      0.1111937532712359,
      0.8114151769831132,
      0.9700167423766661,
      0.9647240981549694
    ],
    [
      0.6545995829581158,
      0.6497616044072421,
      0.41792704873399866,
      0.0501161851455823,
      0.882346094338151,
      0.9739424317969149,
      0.967893995147985
    ],
    [
      0.7590750677511781,
      0.7113405433282431,
      0.5947157391443648,
      0.047773191399295326,
      0.9228384654674802,
      0.9791830877692566,
      0.9750253837668155
    ],
    [
      0.7555204944213965,
      0.7538056823318265,
      0.6177052643369956,
      0.06810275147239185,
      0.9682675482464791,
      0.9863389098183185,
      0.9829674199777936
    ],
    [
      0.7476337977582346,
      0.7521940957820327,
      0.5717703393216941,
      0.05596321629814239,
      1.01021230990492,
      1.0027326299187236,
      1.01057378851865
    ],
    [
      0.7378133943718043,
      0.7224717326239375,
      0.5670105431714078,
      0.047909502723082316,
      1.0149544578277379,
      1.017368026154115,
      1.0156994701896884
    ]
  ]
}