{
  "B_values": [
    2,
    5,
    10,
    15,
    20,
    30,
    50,
    75,
    100,
    150,
    200,
    300,
    500
  ],
  "final_regret": [
    1329720.4921993886,
    1364460.0394417038,
    1375461.7178712138,
    1378087.0274122115,
    1378917.436789965,
    1379492.0245437722,
    1379909.1576285928,
    1380096.042596102,
    1380070.2114366633,
    1380059.0011059106,
    1380042.347734284,
    1380011.9385460147,
    1379982.0879397264
  ]
}