{
  "dual_all": 1224875.3661711803,
  "dual_selective": 1320842.0175599852
}