{
  "fisher_weighted": 1357290.4634524116,
  "uniform": 1340226.1404561086,
  "ema_baseline": 995453.8057779818
}