{
  "semantic_retention_f1": 0.3425047438330171,
  "adaptation_speed": 1.86,
  "forgetting_rate": 0.06181146874928181,
  "perplexity": 5.863466054753327,
  "avg_loss": 0.10633780703445275,
  "session_retentions": [
    0.13846153846153844,
    0.17222222222222225,
    0.15606060606060607,
    0.14588859416445624,
    0.16330513988288875,
    0.15509259259259262,
    0.16234616391725581,
    0.19517543859649122,
    0.16706689536878216,
    0.1977878985035784,
    0.4747474747474747,
    0.4562289562289562,
    0.45833333333333326,
    0.5694444444444444,
    0.5694444444444444,
    0.5694444444444444,
    0.2774327122153209,
    0.15357142857142858,
    0.1323607427055703,
    0.2192887931034483,
    0.09092996555683122,
    0.4504048582995952,
    0.15141242937853105,
    0.33474576271186446,
    0.3216123499142367,
    0.5046439628482972,
    0.2847222222222222,
    0.11974466211754348,
    0.08692185007974482,
    0.5441176470588236,
    0.13095238095238093,
    0.32920536635706915,
    0.13090418353576247,
    0.4097222222222222,
    0.16319099635882156,
    0.12659768715763847,
    0.11282051282051282,
    0.3472222222222222,
    0.09328449328449329,
    0.16638078902229847,
    0.3392857142857143,
    0.13214285714285715,
    0.3425047438330171,
    0.2612681436210848,
    0.2800702370500439,
    0.339572192513369,
    0.5441176470588236,
    0.5441176470588236,
    0.5130718954248366,
    0.3425047438330171
  ],
  "avg_turn_latency_ms": 561.6232570012411,
  "total_time_s": 1583.7051784992218,
  "num_sessions": 50
}