{
  "semantic_retention_f1": 0.17547169811320754,
  "adaptation_speed": 1.98,
  "forgetting_rate": 0.02268001127581823,
  "perplexity": 59.05380227708056,
  "avg_loss": 0.07193372303619981,
  "session_retentions": [
    0.15946115288220553,
    0.4285714285714286,
    0.46972176759410805,
    0.1617933723196881,
    0.16044657097288675,
    0.40476190476190477,
    0.17766116941529234,
    0.16335978835978832,
    0.1694915254237288,
    0.2492857142857143,
    0.1709090909090909,
    0.21084010840108403,
    0.11263736263736263,
    0.16620879120879117,
    0.1709090909090909,
    0.11640211640211641,
    0.162012987012987,
    0.15606060606060607,
    0.162012987012987,
    0.17091836734693877,
    0.1417624521072797,
    0.162012987012987,
    0.16666666666666666,
    0.16951566951566951,
    0.16167859466493167,
    0.19433962264150942,
    0.17277099519052902,
    0.1764705882352941,
    0.20693277310924368,
    0.16928571428571426,
    0.15407407407407403,
    0.16771708683473388,
    0.162012987012987,
    0.162012987012987,
    0.07999999999999999,
    0.07999999999999999,
    0.162012987012987,
    0.17261904761904762,
    0.16806429070580015,
    0.16928571428571426,
    0.16312997347480107,
    0.18019480519480519,
    0.1851851851851852,
    0.16934046345811052,
    0.16620879120879117,
    0.1607142857142857,
    0.162012987012987,
    0.16928571428571426,
    0.07999999999999999,
    0.17547169811320754
  ],
  "avg_turn_latency_ms": 731.8726825714111,
  "total_time_s": 4377.20078086853,
  "num_sessions": 50
}