{
  "semantic_retention_f1": 0.09056956115779645,
  "adaptation_speed": 1.88,
  "forgetting_rate": 0.06808080329919738,
  "perplexity": 4.331700648916244,
  "avg_loss": 0.10663081523030997,
  "session_retentions": [
    0.13032844164919638,
    0.21931176168464306,
    0.15870570107858245,
    0.11021233569261882,
    0.060185185185185175,
    0.08748403575989783,
    0.13180972628222165,
    0.09859154929577466,
    0.09963768115942029,
    0.09514994446501296,
    0.1027471338957387,
    0.49411764705882355,
    0.16333333333333333,
    0.4313725490196078,
    0.4313725490196078,
    0.19049346879535556,
    0.3902714932126697,
    0.10808858931150697,
    0.38690476190476186,
    0.4117647058823529,
    0.140346653827636,
    0.11498079385403329,
    0.2828282828282828,
    0.5072463768115942,
    0.46803069053708446,
    0.4631578947368421,
    0.4653679653679653,
    0.6577540106951871,
    0.23157208088714937,
    0.7803030303030303,
    0.6439393939393939,
    0.06983568075117372,
    0.09047619047619049,
    0.1025586353944563,
    0.11011904761904762,
    0.10714285714285715,
    0.08401880141010576,
    0.10249187432286025,
    0.0888937664618086,
    0.07334754797441365,
    0.08770806658130602,
    0.3222866611433306,
    0.3375959079283888,
    0.07210426739541728,
    0.10497737556561085,
    0.36231884057971014,
    0.5607843137254902,
    0.08963210702341137,
    0.0737616266493619,
    0.09056956115779645
  ],
  "avg_turn_latency_ms": 420.82608731587726,
  "total_time_s": 1623.028181552887,
  "num_sessions": 50
}