{
  "semantic_retention_f1": 0.2549019607843137,
  "adaptation_speed": 1.74,
  "forgetting_rate": 0.0789722395643682,
  "perplexity": 5.400035850310289,
  "avg_loss": 0.10406963695585728,
  "session_retentions": [
    0.14187068424356558,
    0.12444444444444444,
    0.19032830523513752,
    0.2647058823529412,
    0.15825123152709358,
    0.3837535014005602,
    0.4107142857142857,
    0.1905737704918033,
    0.4107142857142857,
    0.48214285714285715,
    0.5934065934065934,
    0.5934065934065934,
    0.5934065934065934,
    0.2034313725490196,
    0.46461538461538465,
    0.3392857142857143,
    0.49849849849849853,
    0.4107142857142857,
    0.6703296703296704,
    0.6703296703296704,
    0.4107142857142857,
    0.46008708272859217,
    0.46008708272859217,
    0.16911764705882354,
    0.17261904761904762,
    0.4271284271284271,
    0.4261363636363636,
    0.2579710144927536,
    0.3392857142857143,
    0.3049450549450549,
    0.16233766233766234,
    0.16934046345811052,
    0.8012820512820513,
    0.5416666666666666,
    0.2034313725490196,
    0.7482517482517482,
    0.5833333333333334,
    0.6346153846153847,
    0.6346153846153847,
    0.45734265734265733,
    0.4583333333333333,
    0.37500000000000006,
    0.4886363636363636,
    0.10381913959613695,
    0.5428571428571428,
    0.10049019607843138,
    0.10724043715846995,
    0.41911764705882354,
    0.24383802816901406,
    0.2549019607843137
  ],
  "avg_turn_latency_ms": 408.8297707239787,
  "total_time_s": 1114.1202363967896,
  "num_sessions": 50
}