{
  "semantic_retention_f1": 0.16319099635882156,
  "adaptation_speed": 1.98,
  "forgetting_rate": 0.05237367777357377,
  "perplexity": 306.70206625905985,
  "avg_loss": 0.10053688786675533,
  "session_retentions": [
    0.14509803921568626,
    0.17076648841354725,
    0.20370370370370372,
    0.164021164021164,
    0.11365369946605647,
    0.18,
    0.3142857142857143,
    0.12681159420289856,
    0.13781788351107466,
    0.10024906600249066,
    0.09823874755381606,
    0.4562289562289562,
    0.13326110509209102,
    0.09665144596651447,
    0.20647773279352227,
    0.25970149253731345,
    0.3071428571428572,
    0.10179257362355955,
    0.3088235294117648,
    0.3033333333333334,
    0.484593837535014,
    0.21266968325791857,
    0.11287758346581875,
    0.12403846153846154,
    0.13306982872200265,
    0.30797101449275366,
    0.05970149253731343,
    0.05555555555555556,
    0.29683257918552036,
    0.11212121212121212,
    0.27583465818759934,
    0.07513935340022296,
    0.31060606060606066,
    0.3125,
    0.2851063829787234,
    0.49213836477987416,
    0.4982993197278911,
    0.35969141755062684,
    0.14985994397759106,
    0.10644257703081234,
    0.15229408512990603,
    0.13429522752497225,
    0.16806429070580015,
    0.3382352941176471,
    0.15740740740740738,
    0.1548367774782869,
    0.1769230769230769,
    0.1923076923076923,
    0.14370485036119712,
    0.16319099635882156
  ],
  "avg_turn_latency_ms": 289.83301067352295,
  "total_time_s": 1536.2657420635223,
  "num_sessions": 50
}