{
  "semantic_retention_f1": 0.10243055555555557,
  "adaptation_speed": 1.96,
  "forgetting_rate": 0.06296108569094794,
  "perplexity": 6.115764366781636,
  "avg_loss": 0.10827972629666328,
  "session_retentions": [
    0.12916666666666665,
    0.164021164021164,
    0.12740384615384615,
    0.06941176470588237,
    0.13376623376623378,
    0.13650793650793652,
    0.4989010989010989,
    0.11983009166107758,
    0.246875,
    0.09981628903857931,
    0.10559006211180125,
    0.1379706812302386,
    0.13877551020408163,
    0.10230179028132992,
    0.4222222222222222,
    0.10501672240802676,
    0.2,
    0.3066801619433198,
    0.48830409356725146,
    0.3400946585530764,
    0.437070938215103,
    0.5294117647058824,
    0.3556561085972851,
    0.4733893557422969,
    0.13581730769230768,
    0.16827094474153298,
    0.5964912280701754,
    0.4017857142857143,
    0.4274509803921569,
    0.5882352941176471,
    0.2943396226415094,
    0.15778688524590165,
    0.23663003663003662,
    0.369047619047619,
    0.13041210224308813,
    0.09963768115942029,
    0.10395707578806171,
    0.3500000000000001,
    0.10329670329670329,
    0.11060259344012205,
    0.10651865847897968,
    0.11515151515151517,
    0.11557377049180328,
    0.11490683229813664,
    0.06854256854256854,
    0.11272727272727273,
    0.27547169811320754,
    0.2,
    0.2857142857142857,
    0.10243055555555557
  ],
  "avg_turn_latency_ms": 282.96614774068195,
  "total_time_s": 1531.7447135448456,
  "num_sessions": 50
}