{
  "semantic_retention_f1": 0.12307692307692308,
  "adaptation_speed": 2.0,
  "forgetting_rate": 0.008093542609747637,
  "perplexity": 24.631674335768757,
  "avg_loss": 2.4481874634424847,
  "session_retentions": [
    0.09725274725274727,
    0.09866253149835238,
    0.09698275862068965,
    0.07505197505197506,
    0.07452547452547453,
    0.07452547452547453,
    0.11153846153846154,
    0.08856548856548857,
    0.07268850552432642,
    0.1125,
    0.08856548856548857,
    0.07505197505197506,
    0.07487179487179488,
    0.12711223203026484,
    0.12403846153846154,
    0.09584607085056646,
    0.07862903225806452,
    0.12403846153846154,
    0.12403846153846154,
    0.1260545905707196,
    0.09768303985171456,
    0.12123995407577498,
    0.09673852957435047,
    0.12047101449275363,
    0.09903846153846155,
    0.09812382739212008,
    0.12307692307692308,
    0.11950947603121517,
    0.12307692307692308,
    0.08470149253731343,
    0.09864457831325302,
    0.12503052503052503,
    0.07435897435897436,
    0.07505197505197506,
    0.12307692307692308,
    0.12307692307692308,
    0.12319355602937693,
    0.12220149253731344,
    0.12214452214452215,
    0.12503052503052503,
    0.09725274725274727,
    0.09768303985171456,
    0.12123995407577498,
    0.09584607085056646,
    0.12403846153846154,
    0.09951314508276535,
    0.12214452214452215,
    0.12123995407577498,
    0.12214452214452215,
    0.12307692307692308
  ],
  "avg_turn_latency_ms": 122.517076810201,
  "total_time_s": 1716.9427790641785,
  "num_sessions": 50
}