{
  "semantic_retention_f1": 0.5625,
  "adaptation_speed": 1.84,
  "forgetting_rate": 0.08442997601099239,
  "perplexity": 30.248821747337722,
  "avg_loss": 0.07078799050673842,
  "session_retentions": [
    0.1678321678321678,
    0.15079365079365079,
    0.16335978835978832,
    0.15914786967418545,
    0.15914786967418545,
    0.16044657097288675,
    0.1607142857142857,
    0.6573426573426573,
    0.13458110516934046,
    0.1602809706257982,
    0.162012987012987,
    0.1486013986013986,
    0.16363636363636364,
    0.16771929824561402,
    0.16928571428571426,
    0.17597227570273394,
    0.17091836734693877,
    0.15893416927899687,
    0.16771708683473388,
    0.1851063829787234,
    0.17592592592592593,
    0.16620879120879117,
    0.6761363636363635,
    0.1319672131147541,
    0.6428571428571428,
    0.22756410256410256,
    0.44224924012158057,
    0.5798319327731092,
    0.5416666666666666,
    0.6428571428571428,
    0.17307692307692307,
    0.24675324675324675,
    0.07142857142857142,
    0.4,
    0.1360708534621578,
    0.16935195130683853,
    0.5934065934065934,
    0.27402402402402404,
    0.5625,
    0.17967186874749902,
    0.5982142857142857,
    0.4157088122605364,
    0.17162554426705368,
    0.5488721804511278,
    0.2941810344827586,
    0.20426195426195426,
    0.3547008547008547,
    0.19106247150022798,
    0.23076923076923078,
    0.5625
  ],
  "avg_turn_latency_ms": 709.882207552592,
  "total_time_s": 4020.799733877182,
  "num_sessions": 50
}