{
  "semantic_retention_f1": 0.12403846153846154,
  "adaptation_speed": 2.0,
  "forgetting_rate": 0.006931569423404238,
  "perplexity": 24.560808774044833,
  "avg_loss": 2.448552371342977,
  "session_retentions": [
    0.09683257918552036,
    0.09866253149835238,
    0.08881578947368421,
    0.07505197505197506,
    0.07452547452547453,
    0.07452547452547453,
    0.07487179487179488,
    0.07452547452547453,
    0.07268850552432642,
    0.11378205128205128,
    0.08856548856548857,
    0.07523709167544784,
    0.08820512820512821,
    0.08685491723466407,
    0.12403846153846154,
    0.09584607085056646,
    0.12701612903225806,
    0.12214452214452215,
    0.1260545905707196,
    0.08856548856548857,
    0.09768303985171456,
    0.12123995407577498,
    0.0723597203854147,
    0.12047101449275363,
    0.12036199095022625,
    0.09725274725274727,
    0.12307692307692308,
    0.12307692307692308,
    0.12307692307692308,
    0.12220149253731344,
    0.09908536585365854,
    0.12503052503052503,
    0.12711223203026484,
    0.07487179487179488,
    0.12307692307692308,
    0.12307692307692308,
    0.12319355602937693,
    0.12220149253731344,
    0.12214452214452215,
    0.12307692307692308,
    0.10207900207900208,
    0.09857549857549858,
    0.12123995407577498,
    0.11767250703006706,
    0.12403846153846154,
    0.09951314508276535,
    0.12214452214452215,
    0.12123995407577498,
    0.12214452214452215,
    0.12403846153846154
  ],
  "avg_turn_latency_ms": 124.1280082066854,
  "total_time_s": 1744.0529344081879,
  "num_sessions": 50
}