{
  "semantic_retention_f1": 0.3939393939393939,
  "adaptation_speed": 1.84,
  "forgetting_rate": 0.05136429380558598,
  "perplexity": 18.55779532444608,
  "avg_loss": 0.0994544449771444,
  "session_retentions": [
    0.13280116110304788,
    0.1527272727272727,
    0.1653198653198653,
    0.15239477503628446,
    0.4636363636363636,
    0.48641304347826086,
    0.5166666666666666,
    0.37681159420289856,
    0.5625,
    0.19600173837461976,
    0.4656771799628942,
    0.14891581632653061,
    0.448382126348228,
    0.10381913959613695,
    0.10062111801242236,
    0.6761363636363635,
    0.6761363636363635,
    0.6761363636363635,
    0.3402714932126697,
    0.3071428571428572,
    0.3923076923076923,
    0.25757575757575757,
    0.21584699453551914,
    0.47126436781609193,
    0.16806429070580015,
    0.45479082321187586,
    0.16706689536878216,
    0.16981132075471697,
    0.16706689536878216,
    0.17272727272727273,
    0.17407407407407405,
    0.09883953581432572,
    0.15497737556561086,
    0.1678321678321678,
    0.164021164021164,
    0.16464237516869096,
    0.14983164983164982,
    0.16202945990180034,
    0.11856253537068479,
    0.16475741239892183,
    0.16475741239892183,
    0.17142857142857143,
    0.17199017199017197,
    0.18867924528301885,
    0.18693221523410203,
    0.16841369671558348,
    0.14900110987791343,
    0.1320754716981132,
    0.16475741239892183,
    0.3939393939393939
  ],
  "avg_turn_latency_ms": 287.7828197479248,
  "total_time_s": 1661.3790962696075,
  "num_sessions": 50
}