{
  "semantic_retention_f1": 0.37575030012004806,
  "adaptation_speed": 1.8,
  "forgetting_rate": 0.07865685901084225,
  "perplexity": 7.798640902844683,
  "avg_loss": 0.10596032286187013,
  "session_retentions": [
    0.13773584905660377,
    0.1575757575757576,
    0.7777777777777778,
    0.4074074074074074,
    0.15384615384615385,
    0.35384615384615387,
    0.15925925925925927,
    0.2,
    0.24444444444444446,
    0.45833333333333326,
    0.1302966101694915,
    0.16908212560386474,
    0.12036199095022625,
    0.10230179028132992,
    0.10179257362355955,
    0.4224598930481283,
    0.10329670329670329,
    0.09981628903857931,
    0.10635811126694716,
    0.10800385728061715,
    0.10170940170940171,
    0.10062111801242236,
    0.3989071038251366,
    0.11857707509881424,
    0.12333965844402277,
    0.13015873015873014,
    0.5441176470588236,
    0.47593582887700536,
    0.42314990512333966,
    0.12349206349206349,
    0.1851063829787234,
    0.23545150501672243,
    0.11983009166107758,
    0.10342555994729907,
    0.2954545454545455,
    0.31250000000000006,
    0.5441176470588236,
    0.2828282828282828,
    0.6066176470588236,
    0.10346320346320348,
    0.37745098039215685,
    0.365546218487395,
    0.5441176470588236,
    0.3362068965517242,
    0.3362068965517242,
    0.162012987012987,
    0.16233766233766234,
    0.4966666666666666,
    0.17778649921507064,
    0.37575030012004806
  ],
  "avg_turn_latency_ms": 552.1234785715739,
  "total_time_s": 1638.6958577632904,
  "num_sessions": 50
}