{
  "semantic_retention_f1": 0.5441176470588236,
  "adaptation_speed": 1.82,
  "forgetting_rate": 0.05278278967221173,
  "perplexity": 8.97062159796325,
  "avg_loss": 0.10474119595189889,
  "session_retentions": [
    0.14965034965034965,
    0.16166883963494133,
    0.13392857142857142,
    0.10475352112676056,
    0.09546019900497513,
    0.18470149253731344,
    0.19642857142857142,
    0.17911025145067697,
    0.17843137254901958,
    0.542483660130719,
    0.16825396825396827,
    0.13903743315508021,
    0.2591093117408907,
    0.5555555555555556,
    0.6969696969696969,
    0.6969696969696969,
    0.6577540106951871,
    0.5329457364341085,
    0.48148148148148145,
    0.39814814814814814,
    0.3111111111111111,
    0.5858585858585859,
    0.301948051948052,
    0.10535714285714287,
    0.24383802816901406,
    0.24878048780487805,
    0.15542521994134897,
    0.3357487922705314,
    0.15182648401826485,
    0.3058823529411765,
    0.09661654135338346,
    0.17418032786885246,
    0.11594202898550725,
    0.16036036036036036,
    0.19130434782608696,
    0.3055555555555556,
    0.2916321458160729,
    0.10333333333333333,
    0.2833333333333333,
    0.31024667931688804,
    0.22060606060606064,
    0.5,
    0.33333333333333337,
    0.3356643356643356,
    0.41532976827094475,
    0.5238095238095238,
    0.29477611940298515,
    0.3492063492063492,
    0.5441176470588236,
    0.5441176470588236
  ],
  "avg_turn_latency_ms": 290.19425455729163,
  "total_time_s": 1347.9420757293701,
  "num_sessions": 50
}