{
  "semantic_retention_f1": 0.5625,
  "adaptation_speed": 1.06,
  "forgetting_rate": 0.06462200264721273,
  "perplexity": 32.874789482408545,
  "avg_loss": 0.07756589653436094,
  "session_retentions": [
    0.3333333333333333,
    0.6703296703296704,
    0.6190476190476191,
    0.6190476190476191,
    0.6190476190476191,
    0.6190476190476191,
    0.6190476190476191,
    0.6190476190476191,
    0.0,
    0.6190476190476191,
    0.5625,
    0.0,
    0.6904761904761905,
    0.6190476190476191,
    0.2857142857142857,
    0.6190476190476191,
    0.6428571428571428,
    0.6428571428571428,
    0.5882352941176471,
    0.6428571428571428,
    0.6666666666666666,
    0.6428571428571428,
    0.6190476190476191,
    0.5798319327731092,
    0.6428571428571428,
    0.7333333333333334,
    0.6428571428571428,
    0.5084033613445378,
    0.6428571428571428,
    0.5714285714285714,
    0.6071428571428572,
    0.45535714285714285,
    0.6071428571428572,
    0.6428571428571428,
    0.5000000000000001,
    0.6904761904761905,
    0.41666666666666674,
    0.6428571428571428,
    0.5625,
    0.5,
    0.6428571428571428,
    0.5714285714285714,
    0.5714285714285714,
    0.5625,
    0.6428571428571428,
    0.5,
    0.5625,
    0.6,
    0.5,
    0.5625
  ],
  "avg_turn_latency_ms": 428.3392578760783,
  "total_time_s": 1568.642899274826,
  "num_sessions": 50
}