{
  "semantic_retention_f1": 0.0,
  "adaptation_speed": 1.3,
  "forgetting_rate": 0.10776166785833811,
  "perplexity": 5.033853783825379,
  "avg_loss": 0.1752454942216476,
  "session_retentions": [
    1.0,
    0.4444444444444445,
    0.8015873015873016,
    0.375,
    0.625,
    0.9444444444444444,
    0.9444444444444444,
    0.9444444444444444,
    0.9444444444444444,
    0.7857142857142857,
    0.6190476190476191,
    0.7857142857142857,
    0.8333333333333333,
    0.4583333333333333,
    0.8846153846153846,
    1.0,
    0.7857142857142857,
    0.8333333333333333,
    0.75,
    0.7857142857142857,
    0.7857142857142857,
    0.7222222222222222,
    0.7857142857142857,
    0.5,
    0.8076923076923077,
    0.625,
    0.5,
    0.5267857142857143,
    0.6190476190476191,
    0.6190476190476191,
    0.5555555555555556,
    0.6190476190476191,
    0.6190476190476191,
    0.7857142857142857,
    0.46753246753246747,
    0.46753246753246747,
    0.48571428571428577,
    0.6190476190476191,
    0.0,
    0.38461538461538464,
    0.6190476190476191,
    0.07142857142857142,
    0.2777777777777778,
    0.5523809523809524,
    0.2711323763955342,
    0.5555555555555556,
    0.23076923076923075,
    0.3333333333333333,
    0.48888888888888893,
    0.0
  ],
  "avg_turn_latency_ms": 92.2996400197347,
  "total_time_s": 238.24324440956116,
  "num_sessions": 50
}