{
  "semantic_retention_f1": 0.33333333333333326,
  "adaptation_speed": 1.36,
  "forgetting_rate": 0.06421939738266269,
  "perplexity": 6.19729417213712,
  "avg_loss": 0.1251335514585177,
  "session_retentions": [
    0.375,
    0.5694444444444444,
    0.6703296703296704,
    0.6703296703296704,
    0.8290598290598291,
    0.7000000000000001,
    0.7777777777777778,
    0.9444444444444444,
    0.4571428571428572,
    0.3333333333333333,
    0.38461538461538464,
    0.8015873015873016,
    0.8015873015873016,
    0.7777777777777778,
    0.6190476190476191,
    0.7857142857142857,
    0.6190476190476191,
    0.6703296703296704,
    0.6190476190476191,
    0.6190476190476191,
    0.6703296703296704,
    0.6428571428571428,
    0.6428571428571428,
    0.6703296703296704,
    0.6428571428571428,
    0.3333333333333333,
    0.6190476190476191,
    0.7777777777777778,
    0.8015873015873016,
    0.8015873015873016,
    0.8015873015873016,
    0.4444444444444445,
    0.4444444444444445,
    0.4444444444444445,
    0.4444444444444445,
    0.5,
    0.5694444444444445,
    0.33333333333333326,
    0.4444444444444445,
    0.4444444444444445,
    0.7171717171717171,
    0.3076923076923077,
    0.4444444444444445,
    0.625,
    0.22500000000000003,
    0.10000000000000002,
    0.0,
    0.3472222222222222,
    0.33333333333333326,
    0.33333333333333326
  ],
  "avg_turn_latency_ms": 72.3839921951294,
  "total_time_s": 189.0742928981781,
  "num_sessions": 50
}