{
  "semantic_retention_f1": 0.09562937062937063,
  "adaptation_speed": 2.0,
  "forgetting_rate": 0.01612318204653825,
  "perplexity": 139.277122335022,
  "avg_loss": 3.768243735631307,
  "session_retentions": [
    0.05295883361921097,
    0.02670940170940171,
    0.024314765694076042,
    0.0496031746031746,
    0.11830635118306351,
    0.11793611793611794,
    0.05266343825665859,
    0.08006792058516196,
    0.0638888888888889,
    0.0587975243147657,
    0.1047979797979798,
    0.05724800654262932,
    0.05687777329568374,
    0.0467998988110296,
    0.125,
    0.03516548463356974,
    0.03409710856519367,
    0.1047979797979798,
    0.11830635118306351,
    0.15605928509154315,
    0.06514192362671023,
    0.04778953922789539,
    0.1047979797979798,
    0.10372960372960373,
    0.1047979797979798,
    0.11830635118306351,
    0.0452088452088452,
    0.10785824345146379,
    0.04613910186199342,
    0.025937081659973226,
    0.10372960372960373,
    0.1047979797979798,
    0.06311154598825831,
    0.06150978564771668,
    0.10785824345146379,
    0.08472382048331414,
    0.1047979797979798,
    0.10372960372960373,
    0.1047979797979798,
    0.07559003135830994,
    0.11793611793611794,
    0.06292616403662576,
    0.04507992007992008,
    0.1047979797979798,
    0.0763125763125763,
    0.0496031746031746,
    0.06311154598825831,
    0.11793611793611794,
    0.08146528157463094,
    0.09562937062937063
  ],
  "avg_turn_latency_ms": 18.970322608947754,
  "total_time_s": 609.043069601059,
  "num_sessions": 50
}