{
  "semantic_retention_f1": 0.6428571428571428,
  "adaptation_speed": 1.2,
  "forgetting_rate": 0.07017112802321622,
  "perplexity": 8.337251056531382,
  "avg_loss": 0.12588748802244662,
  "session_retentions": [
    0.5032679738562091,
    0.9444444444444444,
    0.9444444444444444,
    0.5694444444444444,
    0.5694444444444444,
    0.8290598290598291,
    0.6703296703296704,
    0.9444444444444444,
    0.5694444444444444,
    0.8290598290598291,
    0.5694444444444444,
    0.4970760233918129,
    0.9444444444444444,
    1.0,
    0.9444444444444444,
    0.8333333333333333,
    0.47619047619047616,
    0.7857142857142857,
    0.4107142857142857,
    0.8015873015873016,
    0.47619047619047616,
    0.5555555555555556,
    0.6190476190476191,
    0.6190476190476191,
    0.5238095238095237,
    0.6190476190476191,
    0.6666666666666666,
    0.6666666666666666,
    0.6111111111111112,
    0.6190476190476191,
    0.4984520123839009,
    0.6274509803921569,
    0.6703296703296704,
    0.6190476190476191,
    0.6190476190476191,
    0.6428571428571428,
    0.42857142857142855,
    0.6428571428571428,
    0.5634920634920635,
    0.6190476190476191,
    0.6666666666666666,
    0.3333333333333333,
    0.40476190476190477,
    0.5798319327731092,
    0.5982142857142857,
    0.5982142857142857,
    0.6428571428571428,
    0.6190476190476191,
    0.6428571428571428,
    0.6428571428571428
  ],
  "avg_turn_latency_ms": 228.95253213246664,
  "total_time_s": 333.53215622901917,
  "num_sessions": 50
}