{
  "semantic_retention_f1": 0.29523809523809524,
  "adaptation_speed": 1.1,
  "forgetting_rate": 0.057120090793560174,
  "perplexity": 12.62497283810639,
  "avg_loss": 0.1303357306967179,
  "session_retentions": [
    0.5694444444444444,
    0.8290598290598291,
    0.4444444444444445,
    0.8015873015873016,
    0.8015873015873016,
    0.8015873015873016,
    0.4444444444444445,
    0.5523809523809524,
    0.5523809523809524,
    0.7111111111111111,
    0.38571428571428573,
    0.6190476190476191,
    0.8333333333333333,
    0.6666666666666666,
    0.6190476190476191,
    0.6428571428571428,
    0.6190476190476191,
    0.6190476190476191,
    0.6190476190476191,
    0.7171717171717171,
    0.5584415584415584,
    0.6666666666666666,
    0.5584415584415584,
    0.45000000000000007,
    0.5250000000000001,
    0.5694444444444444,
    0.9166666666666666,
    0.7000000000000001,
    0.5584415584415584,
    0.7023809523809523,
    0.6190476190476191,
    0.6428571428571428,
    0.6703296703296704,
    0.6190476190476191,
    0.6190476190476191,
    0.6190476190476191,
    0.6190476190476191,
    0.6190476190476191,
    0.6190476190476191,
    0.6190476190476191,
    0.6190476190476191,
    0.5476190476190476,
    0.6666666666666666,
    0.6190476190476191,
    0.6428571428571428,
    0.6190476190476191,
    0.7777777777777778,
    0.7777777777777778,
    0.6666666666666665,
    0.29523809523809524
  ],
  "avg_turn_latency_ms": 223.5517454147339,
  "total_time_s": 329.51018261909485,
  "num_sessions": 50
}