{
  "semantic_retention_f1": 0.19047619047619047,
  "adaptation_speed": 1.24,
  "forgetting_rate": 0.14352812553592864,
  "perplexity": 100.42161672912678,
  "avg_loss": 0.07644379330804157,
  "session_retentions": [
    0.5357142857142857,
    0.0,
    0.6190476190476191,
    0.5798319327731092,
    0.5441176470588236,
    0.6428571428571428,
    0.2857142857142857,
    0.5982142857142857,
    0.0,
    0.5625,
    0.5625,
    0.6428571428571428,
    0.25000000000000006,
    0.0,
    0.2857142857142857,
    0.5625,
    0.0,
    0.6190476190476191,
    0.5982142857142857,
    0.0,
    0.25000000000000006,
    0.0,
    0.5714285714285714,
    0.5982142857142857,
    0.26666666666666666,
    0.5441176470588236,
    0.5,
    0.0,
    0.0,
    0.6428571428571428,
    0.6190476190476191,
    0.6904761904761905,
    0.6666666666666666,
    0.6666666666666666,
    0.0,
    0.5441176470588236,
    0.0,
    0.0,
    0.6066176470588236,
    0.5882352941176471,
    0.5625,
    0.5625,
    0.6428571428571428,
    0.5714285714285714,
    0.6666666666666666,
    0.0,
    0.6428571428571428,
    0.6666666666666666,
    0.6666666666666666,
    0.19047619047619047
  ],
  "avg_turn_latency_ms": 495.70306460062665,
  "total_time_s": 1746.731570482254,
  "num_sessions": 50
}