{
  "semantic_retention_f1": 0.7777777777777778,
  "adaptation_speed": 1.2,
  "forgetting_rate": 0.08037200155656232,
  "perplexity": 5.745266984517609,
  "avg_loss": 0.130220358821253,
  "session_retentions": [
    0.6612903225806452,
    0.9444444444444444,
    0.4444444444444445,
    0.5555555555555556,
    0.6818181818181818,
    0.5694444444444444,
    0.8290598290598291,
    0.5,
    0.6111111111111112,
    0.2857142857142857,
    0.4444444444444445,
    0.4879227053140097,
    0.7777777777777778,
    0.5694444444444444,
    0.625,
    0.5694444444444444,
    0.5694444444444444,
    0.4444444444444445,
    0.4444444444444445,
    0.8015873015873016,
    0.8015873015873016,
    0.5873015873015873,
    0.7076023391812866,
    0.9444444444444444,
    0.5555555555555556,
    0.2857142857142857,
    0.6428571428571428,
    0.6428571428571428,
    0.6190476190476191,
    0.7857142857142857,
    0.6428571428571428,
    0.48405797101449277,
    0.6648351648351649,
    0.6190476190476191,
    0.6428571428571428,
    0.47619047619047616,
    0.6190476190476191,
    0.6190476190476191,
    0.6190476190476191,
    0.6190476190476191,
    0.6190476190476191,
    0.7402597402597402,
    0.5909090909090909,
    0.9444444444444444,
    0.7777777777777778,
    0.7777777777777778,
    0.2777777777777778,
    0.3333333333333333,
    0.8333333333333333,
    0.7777777777777778
  ],
  "avg_turn_latency_ms": 160.3485590616862,
  "total_time_s": 267.96347999572754,
  "num_sessions": 50
}