{
  "semantic_retention_f1": 0.6190476190476191,
  "adaptation_speed": 1.1,
  "forgetting_rate": 0.07980208566943262,
  "perplexity": 7.321821125440199,
  "avg_loss": 0.13379261994858582,
  "session_retentions": [
    0.75,
    0.5694444444444444,
    0.0,
    0.9444444444444444,
    0.9444444444444444,
    0.7857142857142857,
    0.9444444444444444,
    0.7857142857142857,
    0.5982142857142857,
    0.6703296703296704,
    0.8333333333333333,
    0.0,
    0.6,
    0.6190476190476191,
    0.6703296703296704,
    0.6428571428571428,
    0.6703296703296704,
    0.8333333333333333,
    0.6190476190476191,
    0.5833333333333333,
    0.6703296703296704,
    0.8290598290598291,
    0.7777777777777778,
    0.6428571428571428,
    0.6703296703296704,
    0.6190476190476191,
    0.6428571428571428,
    0.7777777777777778,
    0.7777777777777778,
    0.7777777777777778,
    0.6666666666666666,
    0.6190476190476191,
    0.5,
    0.5694444444444444,
    0.5274725274725275,
    0.6190476190476191,
    0.8015873015873016,
    0.6703296703296704,
    0.6666666666666666,
    0.8333333333333333,
    0.7777777777777778,
    0.6190476190476191,
    0.35714285714285715,
    0.5798319327731092,
    0.6428571428571428,
    0.6190476190476191,
    0.6190476190476191,
    0.26666666666666666,
    0.6190476190476191,
    0.6190476190476191
  ],
  "avg_turn_latency_ms": 138.82435957590738,
  "total_time_s": 258.8298382759094,
  "num_sessions": 50
}